Datetime,Event,Actual,Forecast,Deviation
2021-01-05 15:00:00,ISM,60.7,56.6,4.100000000000001
2021-01-06 13:15:00,ADP,-123000.0,88000.0,-211000.0
2021-01-07 13:30:00,Jobless,787000.0,800000.0,-13000.0
2021-01-08 13:30:00,Earnings,0.8,0.2,0.6000000000000001
2021-01-08 13:30:00,NFP,-140000.0,71000.0,-211000.0
2021-01-13 13:30:00,CPI,0.4,0.4,0.0
2021-01-13 13:30:00,CPI,1.4,1.3,0.09999999999999987
2021-01-13 13:30:00,CPI,0.1,0.1,0.0
2021-01-14 13:30:00,Jobless,965000.0,795000.0,170000.0
2021-01-15 13:30:00,Retail,-1.4,-0.1,-1.2999999999999998
2021-01-15 13:30:00,PPI,0.3,0.4,-0.10000000000000003
2021-01-15 13:30:00,Retail,-0.7,-0.2,-0.49999999999999994
2021-01-21 13:30:00,Jobless,900000.0,910000.0,-10000.0
2021-01-27 19:00:00,FedRate,0.25,0.25,0.0
2021-01-28 13:30:00,GDP,4.0,4.0,0.0
2021-01-28 13:30:00,Jobless,847000.0,875000.0,-28000.0
2021-02-01 15:00:00,ISM,58.7,60.0,-1.2999999999999972
2021-02-03 13:15:00,ADP,174000.0,49000.0,125000.0
2021-02-04 13:30:00,Jobless,779000.0,830000.0,-51000.0
2021-02-05 13:30:00,Earnings,0.2,0.3,-0.09999999999999998
2021-02-05 13:30:00,NFP,49000.0,50000.0,-1000.0
2021-02-10 13:30:00,CPI,0.3,0.3,0.0
2021-02-10 13:30:00,CPI,1.4,1.5,-0.10000000000000009
2021-02-10 13:30:00,CPI,0.0,0.2,-0.2
2021-02-11 13:30:00,Jobless,793000.0,757000.0,36000.0
2021-02-17 13:30:00,Retail,5.9,1.0,4.9
2021-02-17 13:30:00,Retail,5.3,1.1,4.199999999999999
2021-02-17 13:30:00,PPI,1.3,0.4,0.9
2021-02-18 13:30:00,Jobless,861000.0,765000.0,96000.0
2021-02-25 13:30:00,GDP,4.1,4.2,-0.10000000000000053
2021-02-25 13:30:00,Jobless,730000.0,838000.0,-108000.0
2021-03-01 15:00:00,ISM,60.8,58.8,2.0
2021-03-03 13:15:00,ADP,117000.0,177000.0,-60000.0
2021-03-04 13:30:00,Jobless,745000.0,750000.0,-5000.0
2021-03-05 13:30:00,NFP,379000.0,182000.0,197000.0
2021-03-05 13:30:00,Earnings,0.2,0.2,0.0
2021-03-10 13:30:00,CPI,0.4,0.4,0.0
2021-03-10 13:30:00,CPI,0.1,0.2,-0.1
2021-03-10 13:30:00,CPI,1.7,1.7,0.0
2021-03-11 13:30:00,Jobless,712000.0,725000.0,-13000.0
2021-03-12 13:30:00,PPI,0.5,0.5,0.0
2021-03-16 12:30:00,Retail,-3.0,-0.5,-2.5
2021-03-16 12:30:00,Retail,-2.7,-0.1,-2.6
2021-03-17 18:00:00,FedRate,0.25,0.25,0.0
2021-03-18 12:30:00,Jobless,770000.0,700000.0,70000.0
2021-03-25 12:30:00,GDP,4.3,4.1,0.20000000000000018
2021-03-25 12:30:00,Jobless,684000.0,730000.0,-46000.0
2021-03-31 12:15:00,ADP,517000.0,550000.0,-33000.0
2021-04-01 12:30:00,Jobless,719000.0,680000.0,39000.0
2021-04-01 14:00:00,ISM,64.7,61.3,3.4000000000000057
2021-04-02 12:30:00,NFP,916000.0,647000.0,269000.0
2021-04-02 12:30:00,Earnings,-0.1,0.1,-0.2
2021-04-08 12:30:00,Jobless,744000.0,680000.0,64000.0
2021-04-09 12:30:00,PPI,1.0,0.5,0.5
2021-04-13 12:30:00,CPI,0.6,0.5,0.09999999999999998
2021-04-13 12:30:00,CPI,2.6,2.5,0.10000000000000009
2021-04-13 12:30:00,CPI,0.3,0.2,0.09999999999999998
2021-04-15 12:30:00,Jobless,576000.0,700000.0,-124000.0
2021-04-15 12:30:00,Retail,9.8,5.9,3.9000000000000004
2021-04-15 12:30:00,Retail,8.4,5.0,3.4000000000000004
2021-04-22 12:30:00,Jobless,547000.0,617000.0,-70000.0
2021-04-28 18:00:00,FedRate,0.25,0.25,0.0
2021-04-29 12:30:00,GDP,6.4,6.1,0.3000000000000007
2021-04-29 12:30:00,Jobless,553000.0,549000.0,4000.0
2021-05-03 14:00:00,ISM,60.7,65.0,-4.299999999999997
2021-05-05 12:15:00,ADP,742000.0,800000.0,-58000.0
2021-05-06 12:30:00,Jobless,498000.0,540000.0,-42000.0
2021-05-07 12:30:00,Earnings,0.7,0.1,0.6
2021-05-07 12:30:00,NFP,266000.0,978000.0,-712000.0
2021-05-12 12:30:00,CPI,0.8,0.2,0.6000000000000001
2021-05-12 12:30:00,CPI,4.2,3.6,0.6000000000000001
2021-05-12 12:30:00,CPI,0.9,0.3,0.6000000000000001
2021-05-13 12:30:00,Jobless,473000.0,490000.0,-17000.0
2021-05-13 12:30:00,PPI,0.6,0.3,0.3
2021-05-14 12:30:00,Retail,-0.8,0.7,-1.5
2021-05-14 12:30:00,Retail,0.0,1.0,-1.0
2021-05-20 12:30:00,Jobless,444000.0,450000.0,-6000.0
2021-05-27 12:30:00,GDP,6.4,6.5,-0.09999999999999964
2021-05-27 12:30:00,Jobless,406000.0,425000.0,-19000.0
2021-06-01 14:00:00,ISM,61.2,60.9,0.30000000000000426
2021-06-03 12:15:00,ADP,978000.0,650000.0,328000.0
2021-06-03 12:30:00,Jobless,385000.0,390000.0,-5000.0
2021-06-04 12:30:00,Earnings,0.5,0.2,0.3
2021-06-04 12:30:00,NFP,559000.0,650000.0,-91000.0
2021-06-10 12:30:00,Jobless,376000.0,370000.0,6000.0
2021-06-10 12:30:00,CPI,0.6,0.4,0.19999999999999996
2021-06-10 12:30:00,CPI,0.7,0.4,0.29999999999999993
2021-06-10 12:30:00,CPI,5.0,4.7,0.2999999999999998
2021-06-15 12:30:00,Retail,-1.3,-0.8,-0.5
2021-06-15 12:30:00,Retail,-0.7,0.2,-0.8999999999999999
2021-06-15 12:30:00,PPI,0.8,0.6,0.20000000000000007
2021-06-16 18:00:00,FedRate,0.25,0.25,0.0
2021-06-17 12:30:00,Jobless,412000.0,359000.0,53000.0
2021-06-24 12:30:00,GDP,6.4,6.4,0.0
2021-06-24 12:30:00,Jobless,411000.0,380000.0,31000.0
2021-06-30 12:15:00,ADP,692000.0,600000.0,92000.0
2021-07-01 12:30:00,Jobless,364000.0,390000.0,-26000.0
2021-07-01 14:00:00,ISM,60.6,61.0,-0.3999999999999986
2021-07-02 12:30:00,Earnings,0.3,0.4,-0.10000000000000003
2021-07-02 12:30:00,NFP,850000.0,700000.0,150000.0
2021-07-08 12:30:00,Jobless,373000.0,350000.0,23000.0
2021-07-13 12:30:00,CPI,0.9,0.4,0.5
2021-07-13 12:30:00,CPI,5.4,4.9,0.5
2021-07-13 12:30:00,CPI,0.9,0.5,0.4
2021-07-14 12:30:00,PPI,1.0,0.6,0.4
2021-07-15 12:30:00,Jobless,360000.0,360000.0,0.0
2021-07-16 12:30:00,Retail,0.6,-0.4,1.0
2021-07-16 12:30:00,Retail,1.3,0.4,0.9
2021-07-22 12:30:00,Jobless,419000.0,350000.0,69000.0
2021-07-28 18:00:00,FedRate,0.25,0.25,0.0
2021-07-29 12:30:00,GDP,6.5,8.5,-2.0
2021-07-29 12:30:00,Jobless,400000.0,380000.0,20000.0
2021-08-02 14:00:00,ISM,59.5,60.9,-1.3999999999999986
2021-08-04 12:15:00,ADP,330000.0,695000.0,-365000.0
2021-08-05 12:30:00,Jobless,385000.0,384000.0,1000.0
2021-08-06 12:30:00,NFP,943000.0,870000.0,73000.0
2021-08-06 12:30:00,Earnings,0.4,0.3,0.10000000000000003
2021-08-11 12:30:00,CPI,5.4,5.3,0.10000000000000053
2021-08-11 12:30:00,CPI,0.5,0.5,0.0
2021-08-11 12:30:00,CPI,0.3,0.4,-0.10000000000000003
2021-08-12 12:30:00,PPI,1.0,0.6,0.4
2021-08-12 12:30:00,Jobless,375000.0,375000.0,0.0
2021-08-17 12:30:00,Retail,-0.4,0.1,-0.5
2021-08-17 12:30:00,Retail,-1.1,-0.3,-0.8
2021-08-19 12:30:00,Jobless,348000.0,363000.0,-15000.0
2021-08-26 12:30:00,GDP,6.6,6.7,-0.10000000000000053
2021-08-26 12:30:00,Jobless,353000.0,350000.0,3000.0
2021-09-01 12:15:00,ADP,374000.0,613000.0,-239000.0
2021-09-01 14:00:00,ISM,59.9,58.6,1.2999999999999972
2021-09-02 12:30:00,Jobless,340000.0,345000.0,-5000.0
2021-09-03 12:30:00,Earnings,0.6,0.3,0.3
2021-09-03 12:30:00,NFP,235000.0,750000.0,-515000.0
2021-09-09 12:30:00,Jobless,310000.0,335000.0,-25000.0
2021-09-10 12:30:00,PPI,0.7,0.6,0.09999999999999998
2021-09-14 12:30:00,CPI,0.3,0.4,-0.10000000000000003
2021-09-14 12:30:00,CPI,0.1,0.3,-0.19999999999999998
2021-09-14 12:30:00,CPI,5.3,5.3,0.0
2021-09-16 12:30:00,Retail,1.8,-0.1,1.9000000000000001
2021-09-16 12:30:00,Retail,0.7,-0.8,1.5
2021-09-16 12:30:00,Jobless,332000.0,330000.0,2000.0
2021-09-22 18:00:00,FedRate,0.25,0.25,0.0
2021-09-23 12:30:00,Jobless,351000.0,320000.0,31000.0
2021-09-30 12:30:00,GDP,6.7,6.6,0.10000000000000053
2021-09-30 12:30:00,Jobless,362000.0,335000.0,27000.0
2021-10-01 14:00:00,ISM,61.1,59.6,1.5
2021-10-06 12:15:00,ADP,568000.0,428000.0,140000.0
2021-10-07 12:30:00,Jobless,326000.0,348000.0,-22000.0
2021-10-08 12:30:00,NFP,194000.0,500000.0,-306000.0
2021-10-08 12:30:00,Earnings,0.6,0.4,0.19999999999999996
2021-10-13 12:30:00,CPI,0.4,0.3,0.10000000000000003
2021-10-13 12:30:00,CPI,5.4,5.3,0.10000000000000053
2021-10-13 12:30:00,CPI,0.2,0.2,0.0
2021-10-14 12:30:00,PPI,0.5,0.6,-0.09999999999999998
2021-10-14 12:30:00,Jobless,293000.0,319000.0,-26000.0
2021-10-15 12:30:00,Retail,0.7,-0.2,0.8999999999999999
2021-10-15 12:30:00,Retail,0.8,0.5,0.30000000000000004
2021-10-21 12:30:00,Jobless,290000.0,300000.0,-10000.0
2021-10-28 12:30:00,GDP,2.0,2.7,-0.7000000000000002
2021-10-28 12:30:00,Jobless,281000.0,290000.0,-9000.0
2021-11-01 14:00:00,ISM,60.8,60.5,0.29999999999999716
2021-11-03 12:15:00,ADP,571000.0,400000.0,171000.0
2021-11-03 18:00:00,FedRate,0.25,0.25,0.0
2021-11-04 12:30:00,Jobless,269000.0,275000.0,-6000.0
2021-11-05 12:30:00,Earnings,0.4,0.4,0.0
2021-11-05 12:30:00,NFP,531000.0,450000.0,81000.0
2021-11-09 13:30:00,PPI,0.6,0.6,0.0
2021-11-10 13:30:00,CPI,0.9,0.6,0.30000000000000004
2021-11-10 13:30:00,CPI,0.6,0.4,0.19999999999999996
2021-11-10 13:30:00,CPI,6.2,5.8,0.40000000000000036
2021-11-10 13:30:00,Jobless,267000.0,265000.0,2000.0
2021-11-16 13:30:00,Retail,1.7,1.0,0.7
2021-11-16 13:30:00,Retail,1.7,1.2,0.5
2021-11-18 13:30:00,Jobless,268000.0,260000.0,8000.0
2021-11-24 13:30:00,GDP,2.1,2.2,-0.10000000000000009
2021-11-24 13:30:00,Jobless,199000.0,260000.0,-61000.0
2021-12-01 13:15:00,ADP,534000.0,525000.0,9000.0
2021-12-01 15:00:00,ISM,61.1,61.0,0.10000000000000142
2021-12-02 13:30:00,Jobless,222000.0,240000.0,-18000.0
2021-12-03 13:30:00,Earnings,0.3,0.4,-0.10000000000000003
2021-12-03 13:30:00,NFP,210000.0,550000.0,-340000.0
2021-12-09 13:30:00,Jobless,184000.0,215000.0,-31000.0
2021-12-10 13:30:00,CPI,0.8,0.7,0.10000000000000009
2021-12-10 13:30:00,CPI,0.5,0.5,0.0
2021-12-10 13:30:00,CPI,6.8,6.8,0.0
2021-12-14 13:30:00,PPI,0.8,0.5,0.30000000000000004
2021-12-15 13:30:00,Retail,0.3,0.8,-0.5
2021-12-15 13:30:00,Retail,0.3,0.9,-0.6000000000000001
2021-12-15 19:00:00,FedRate,0.25,0.25,0.0
2021-12-16 13:30:00,Jobless,206000.0,200000.0,6000.0
2021-12-22 13:30:00,GDP,2.3,2.1,0.19999999999999973
2021-12-23 13:30:00,Jobless,205000.0,205000.0,0.0
2021-12-30 13:30:00,Jobless,198000.0,208000.0,-10000.0
2022-01-04 15:00:00,ISM,58.7,60.0,-1.2999999999999972
2022-01-05 13:15:00,ADP,807000.0,400000.0,407000.0
2022-01-06 13:30:00,Jobless,207000.0,197000.0,10000.0
2022-01-07 13:30:00,Earnings,0.6,0.4,0.19999999999999996
2022-01-07 13:30:00,NFP,199000.0,400000.0,-201000.0
2022-01-12 13:30:00,CPI,0.5,0.4,0.09999999999999998
2022-01-12 13:30:00,CPI,0.6,0.5,0.09999999999999998
2022-01-12 13:30:00,CPI,7.0,7.0,0.0
2022-01-13 13:30:00,PPI,0.2,0.4,-0.2
2022-01-13 13:30:00,Jobless,230000.0,200000.0,30000.0
2022-01-14 13:30:00,Retail,-1.9,-0.1,-1.7999999999999998
2022-01-14 13:30:00,Retail,-2.3,0.2,-2.5
2022-01-20 13:30:00,Jobless,286000.0,220000.0,66000.0
2022-01-26 19:00:00,FedRate,0.25,0.25,0.0
2022-01-27 13:30:00,GDP,6.9,5.5,1.4000000000000004
2022-01-27 13:30:00,Jobless,260000.0,260000.0,0.0
2022-02-01 15:00:00,ISM,57.6,57.5,0.10000000000000142
2022-02-02 13:15:00,ADP,-301000.0,207000.0,-508000.0
2022-02-03 13:30:00,Jobless,238000.0,245000.0,-7000.0
2022-02-04 13:30:00,Earnings,0.7,0.5,0.19999999999999996
2022-02-04 13:30:00,NFP,467000.0,150000.0,317000.0
2022-02-10 13:30:00,CPI,0.6,0.5,0.09999999999999998
2022-02-10 13:30:00,CPI,0.6,0.5,0.09999999999999998
2022-02-10 13:30:00,CPI,7.5,7.3,0.20000000000000018
2022-02-10 13:30:00,Jobless,223000.0,230000.0,-7000.0
2022-02-15 13:30:00,PPI,1.0,0.5,0.5
2022-02-16 13:30:00,Retail,3.8,2.0,1.7999999999999998
2022-02-16 13:30:00,Retail,3.3,0.8,2.5
2022-02-17 13:30:00,Jobless,248000.0,219000.0,29000.0
2022-02-24 13:30:00,GDP,7.0,7.0,0.0
2022-02-24 13:30:00,Jobless,232000.0,235000.0,-3000.0
2022-03-01 15:00:00,ISM,58.6,58.0,0.6000000000000014
2022-03-02 13:15:00,ADP,475000.0,378000.0,97000.0
2022-03-03 13:30:00,Jobless,215000.0,226000.0,-11000.0
2022-03-04 13:30:00,Earnings,0.0,0.5,-0.5
2022-03-04 13:30:00,NFP,678000.0,400000.0,278000.0
2022-03-10 13:30:00,Jobless,227000.0,217000.0,10000.0
2022-03-10 13:30:00,CPI,0.8,0.8,0.0
2022-03-10 13:30:00,CPI,0.5,0.5,0.0
2022-03-10 13:30:00,CPI,7.9,7.9,0.0
2022-03-15 12:30:00,PPI,0.8,0.9,-0.09999999999999998
2022-03-16 12:30:00,Retail,0.2,0.9,-0.7
2022-03-16 12:30:00,Retail,0.3,0.4,-0.10000000000000003
2022-03-16 18:00:00,FedRate,0.5,0.5,0.0
2022-03-17 12:30:00,Jobless,214000.0,220000.0,-6000.0
2022-03-24 12:30:00,Jobless,187000.0,212000.0,-25000.0
2022-03-30 12:15:00,ADP,455000.0,450000.0,5000.0
2022-03-30 12:30:00,GDP,6.9,7.1,-0.1999999999999993
2022-03-31 12:30:00,Jobless,202000.0,197000.0,5000.0
2022-04-01 12:30:00,NFP,431000.0,490000.0,-59000.0
2022-04-01 12:30:00,Earnings,0.4,0.4,0.0
2022-04-01 14:00:00,ISM,57.1,59.0,-1.8999999999999986
2022-04-07 12:30:00,Jobless,166000.0,200000.0,-34000.0
2022-04-12 12:30:00,CPI,1.2,1.2,0.0
2022-04-12 12:30:00,CPI,8.5,8.4,0.09999999999999964
2022-04-12 12:30:00,CPI,0.3,0.5,-0.2
2022-04-13 12:30:00,PPI,1.4,1.1,0.2999999999999998
2022-04-14 12:30:00,Jobless,185000.0,171000.0,14000.0
2022-04-14 12:30:00,Retail,0.5,0.6,-0.09999999999999998
2022-04-14 12:30:00,Retail,1.1,1.0,0.10000000000000009
2022-04-21 12:30:00,Jobless,184000.0,180000.0,4000.0
2022-04-28 12:30:00,GDP,-1.4,1.1,-2.5
2022-04-28 12:30:00,Jobless,180000.0,180000.0,0.0
2022-05-02 14:00:00,ISM,55.4,57.6,-2.200000000000003
2022-05-04 12:15:00,ADP,247000.0,395000.0,-148000.0
2022-05-04 18:00:00,FedRate,1.0,1.0,0.0
2022-05-05 12:30:00,Jobless,200000.0,182000.0,18000.0
2022-05-06 12:30:00,Earnings,0.3,0.4,-0.10000000000000003
2022-05-06 12:30:00,NFP,428000.0,391000.0,37000.0
2022-05-11 12:30:00,CPI,0.3,0.2,0.09999999999999998
2022-05-11 12:30:00,CPI,0.6,0.4,0.19999999999999996
2022-05-11 12:30:00,CPI,8.3,8.1,0.20000000000000107
2022-05-12 12:30:00,Jobless,203000.0,195000.0,8000.0
2022-05-12 12:30:00,PPI,0.5,0.5,0.0
2022-05-17 12:30:00,Retail,0.6,0.4,0.19999999999999996
2022-05-17 12:30:00,Retail,0.9,0.9,0.0
2022-05-19 12:30:00,Jobless,218000.0,200000.0,18000.0
2022-05-26 12:30:00,GDP,-1.5,-1.3,-0.19999999999999996
2022-05-26 12:30:00,Jobless,210000.0,215000.0,-5000.0
2022-06-01 14:00:00,ISM,56.1,54.5,1.6000000000000014
2022-06-02 12:15:00,ADP,128000.0,300000.0,-172000.0
2022-06-02 12:30:00,Jobless,200000.0,210000.0,-10000.0
2022-06-03 12:30:00,Earnings,0.3,0.4,-0.10000000000000003
2022-06-03 12:30:00,NFP,390000.0,325000.0,65000.0
2022-06-09 12:30:00,Jobless,229000.0,210000.0,19000.0
2022-06-10 12:30:00,CPI,0.6,0.5,0.09999999999999998
2022-06-10 12:30:00,CPI,8.6,8.3,0.29999999999999893
2022-06-10 12:30:00,CPI,1.0,0.7,0.30000000000000004
2022-06-14 12:30:00,PPI,0.8,0.8,0.0
2022-06-15 12:30:00,Retail,-0.3,0.2,-0.5
2022-06-15 12:30:00,Retail,0.5,0.8,-0.30000000000000004
2022-06-15 18:00:00,FedRate,1.75,1.5,0.25
2022-06-16 12:30:00,Jobless,229000.0,215000.0,14000.0
2022-06-23 12:30:00,Jobless,229000.0,227000.0,2000.0
2022-06-29 12:30:00,GDP,-1.6,-1.5,-0.10000000000000009
2022-06-30 12:30:00,Jobless,231000.0,228000.0,3000.0
2022-07-01 14:00:00,ISM,53.0,54.9,-1.8999999999999986
2022-07-07 12:30:00,Jobless,235000.0,230000.0,5000.0
2022-07-08 12:30:00,NFP,372000.0,268000.0,104000.0
2022-07-08 12:30:00,Earnings,0.3,0.3,0.0
2022-07-13 12:30:00,CPI,0.7,0.6,0.09999999999999998
2022-07-13 12:30:00,CPI,9.1,8.8,0.29999999999999893
2022-07-13 12:30:00,CPI,1.3,1.1,0.19999999999999996
2022-07-14 12:30:00,PPI,1.1,0.8,0.30000000000000004
2022-07-14 12:30:00,Jobless,244000.0,235000.0,9000.0
2022-07-15 12:30:00,Retail,1.0,0.6,0.4
2022-07-15 12:30:00,Retail,1.0,0.8,0.19999999999999996
2022-07-21 12:30:00,Jobless,251000.0,240000.0,11000.0
2022-07-27 18:00:00,FedRate,2.5,2.5,0.0
2022-07-28 12:30:00,GDP,-0.9,0.5,-1.4
2022-07-28 12:30:00,Jobless,256000.0,253000.0,3000.0
2022-08-01 14:00:00,ISM,52.8,52.0,0.7999999999999972
2022-08-04 12:30:00,Jobless,260000.0,259000.0,1000.0
2022-08-05 12:30:00,Earnings,0.5,0.3,0.2
2022-08-05 12:30:00,NFP,528000.0,250000.0,278000.0
2022-08-10 12:30:00,CPI,0.0,0.2,-0.2
2022-08-10 12:30:00,CPI,8.5,8.7,-0.1999999999999993
2022-08-10 12:30:00,CPI,0.3,0.5,-0.2
2022-08-11 12:30:00,PPI,-0.5,0.2,-0.7
2022-08-11 12:30:00,Jobless,262000.0,263000.0,-1000.0
2022-08-17 12:30:00,Retail,0.4,-0.1,0.5
2022-08-17 12:30:00,Retail,0.0,0.1,-0.1
2022-08-18 12:30:00,Jobless,250000.0,265000.0,-15000.0
2022-08-25 12:30:00,GDP,-0.6,-0.8,0.20000000000000007
2022-08-25 12:30:00,Jobless,243000.0,253000.0,-10000.0
2022-08-31 12:15:00,ADP,132000.0,300000.0,-168000.0
2022-09-01 12:30:00,Jobless,232000.0,248000.0,-16000.0
2022-09-01 14:00:00,ISM,52.8,52.0,0.7999999999999972
2022-09-02 12:30:00,Earnings,0.3,0.4,-0.10000000000000003
2022-09-02 12:30:00,NFP,315000.0,300000.0,15000.0
2022-09-08 12:30:00,Jobless,222000.0,240000.0,-18000.0
2022-09-13 12:30:00,CPI,0.6,0.3,0.3
2022-09-13 12:30:00,CPI,0.1,-0.1,0.2
2022-09-13 12:30:00,CPI,8.3,8.1,0.20000000000000107
2022-09-14 12:30:00,PPI,-0.1,-0.1,0.0
2022-09-15 12:30:00,Retail,-0.3,0.1,-0.4
2022-09-15 12:30:00,Retail,0.3,0.2,0.09999999999999998
2022-09-15 12:30:00,Jobless,213000.0,226000.0,-13000.0
2022-09-21 18:00:00,FedRate,3.25,3.25,0.0
2022-09-22 12:30:00,Jobless,213000.0,218000.0,-5000.0
2022-09-29 12:30:00,GDP,-0.6,-0.6,0.0
2022-09-29 12:30:00,Jobless,193000.0,215000.0,-22000.0
2022-10-03 14:00:00,ISM,50.9,52.2,-1.3000000000000043
2022-10-05 12:15:00,ADP,208000.0,200000.0,8000.0
2022-10-06 12:30:00,Jobless,219000.0,203000.0,16000.0
2022-10-07 12:30:00,NFP,263000.0,250000.0,13000.0
2022-10-07 12:30:00,Earnings,0.3,0.3,0.0
2022-10-12 12:30:00,PPI,0.4,0.2,0.2
2022-10-13 12:30:00,CPI,0.4,0.2,0.2
2022-10-13 12:30:00,CPI,0.6,0.5,0.09999999999999998
2022-10-13 12:30:00,CPI,8.2,8.1,0.09999999999999964
2022-10-13 12:30:00,Jobless,228000.0,225000.0,3000.0
2022-10-14 12:30:00,Retail,0.1,-0.1,0.2
2022-10-14 12:30:00,Retail,0.0,0.2,-0.2
2022-10-20 12:30:00,Jobless,214000.0,230000.0,-16000.0
2022-10-27 12:30:00,GDP,2.6,2.4,0.20000000000000018
2022-10-27 12:30:00,Jobless,217000.0,220000.0,-3000.0
2022-11-01 14:00:00,ISM,50.2,50.0,0.20000000000000284
2022-11-02 12:15:00,ADP,239000.0,195000.0,44000.0
2022-11-02 18:00:00,FedRate,4.0,4.0,0.0
2022-11-03 12:30:00,Jobless,217000.0,220000.0,-3000.0
2022-11-04 12:30:00,NFP,261000.0,200000.0,61000.0
2022-11-04 12:30:00,Earnings,0.4,0.3,0.10000000000000003
2022-11-10 13:30:00,CPI,0.4,0.6,-0.19999999999999996
2022-11-10 13:30:00,CPI,0.3,0.5,-0.2
2022-11-10 13:30:00,CPI,7.7,8.0,-0.2999999999999998
2022-11-10 13:30:00,Jobless,225000.0,220000.0,5000.0
2022-11-15 13:30:00,PPI,0.2,0.4,-0.2
2022-11-16 13:30:00,Retail,1.3,0.4,0.9
2022-11-16 13:30:00,Retail,1.3,1.0,0.30000000000000004
2022-11-17 13:30:00,Jobless,222000.0,225000.0,-3000.0
2022-11-23 13:30:00,Jobless,240000.0,225000.0,15000.0
2022-11-30 13:15:00,ADP,127000.0,200000.0,-73000.0
2022-11-30 13:30:00,GDP,2.9,2.7,0.19999999999999973
2022-12-01 13:30:00,Jobless,225000.0,235000.0,-10000.0
2022-12-01 15:00:00,ISM,49.0,49.8,-0.7999999999999972
2022-12-02 13:30:00,NFP,263000.0,200000.0,63000.0
2022-12-02 13:30:00,Earnings,0.6,0.3,0.3
2022-12-08 13:30:00,Jobless,230000.0,230000.0,0.0
2022-12-09 13:30:00,PPI,0.3,0.2,0.09999999999999998
2022-12-13 13:30:00,CPI,0.2,0.3,-0.09999999999999998
2022-12-13 13:30:00,CPI,0.1,0.3,-0.19999999999999998
2022-12-13 13:30:00,CPI,7.1,7.3,-0.20000000000000018
2022-12-14 19:00:00,FedRate,4.5,4.5,0.0
2022-12-15 13:30:00,Retail,-0.2,0.2,-0.4
2022-12-15 13:30:00,Retail,-0.6,-0.1,-0.5
2022-12-15 13:30:00,Jobless,211000.0,230000.0,-19000.0
2022-12-22 13:30:00,GDP,3.2,2.9,0.30000000000000027
2022-12-22 13:30:00,Jobless,216000.0,222000.0,-6000.0
2022-12-29 13:30:00,Jobless,225000.0,225000.0,0.0
2023-01-04 15:00:00,ISM,48.4,48.5,-0.10000000000000142
2023-01-05 13:15:00,ADP,235000.0,150000.0,85000.0
2023-01-05 13:30:00,Jobless,204000.0,225000.0,-21000.0
2023-01-06 13:30:00,Earnings,0.3,0.4,-0.10000000000000003
2023-01-06 13:30:00,NFP,223000.0,200000.0,23000.0
2023-01-12 13:30:00,CPI,-0.1,0.0,-0.1
2023-01-12 13:30:00,CPI,0.3,0.3,0.0
2023-01-12 13:30:00,CPI,6.5,6.5,0.0
2023-01-12 13:30:00,Jobless,205000.0,215000.0,-10000.0
2023-01-18 13:30:00,Retail,-1.1,-0.8,-0.30000000000000004
2023-01-18 13:30:00,Retail,-1.1,-0.4,-0.7000000000000001
2023-01-18 13:30:00,PPI,-0.5,-0.1,-0.4
2023-01-19 13:30:00,Jobless,190000.0,214000.0,-24000.0
2023-01-26 13:30:00,GDP,2.9,2.6,0.2999999999999998
2023-01-26 13:30:00,Jobless,186000.0,205000.0,-19000.0
2023-02-01 13:15:00,ADP,106000.0,178000.0,-72000.0
2023-02-01 15:00:00,ISM,47.4,48.0,-0.6000000000000014
2023-02-01 19:00:00,FedRate,4.75,4.75,0.0
2023-02-02 13:30:00,Jobless,183000.0,200000.0,-17000.0
2023-02-03 13:30:00,NFP,517000.0,185000.0,332000.0
2023-02-03 13:30:00,Earnings,0.3,0.3,0.0
2023-02-09 13:30:00,Jobless,196000.0,190000.0,6000.0
2023-02-14 13:30:00,CPI,0.5,0.5,0.0
2023-02-14 13:30:00,CPI,6.4,6.2,0.20000000000000018
2023-02-14 13:30:00,CPI,0.4,0.4,0.0
2023-02-15 13:30:00,Retail,3.0,1.8,1.2
2023-02-15 13:30:00,Retail,2.3,0.8,1.4999999999999998
2023-02-16 13:30:00,PPI,0.7,0.4,0.29999999999999993
2023-02-16 13:30:00,Jobless,194000.0,200000.0,-6000.0
2023-02-23 13:30:00,GDP,2.7,2.9,-0.19999999999999973
2023-02-23 13:30:00,Jobless,192000.0,200000.0,-8000.0
2023-03-01 15:00:00,ISM,47.7,48.0,-0.29999999999999716
2023-03-02 13:30:00,Jobless,190000.0,195000.0,-5000.0
2023-03-08 13:15:00,ADP,242000.0,200000.0,42000.0
2023-03-09 13:30:00,Jobless,211000.0,195000.0,16000.0
2023-03-10 13:30:00,NFP,311000.0,205000.0,106000.0
2023-03-10 13:30:00,Earnings,0.2,0.3,-0.09999999999999998
2023-03-14 12:30:00,CPI,0.5,0.4,0.09999999999999998
2023-03-14 12:30:00,CPI,0.4,0.4,0.0
2023-03-14 12:30:00,CPI,6.0,6.0,0.0
2023-03-15 12:30:00,PPI,-0.1,0.3,-0.4
2023-03-15 12:30:00,Retail,-0.4,-0.3,-0.10000000000000003
2023-03-15 12:30:00,Retail,-0.1,-0.1,0.0
2023-03-16 12:30:00,Jobless,192000.0,205000.0,-13000.0
2023-03-22 18:00:00,FedRate,5.0,5.0,0.0
2023-03-23 12:30:00,Jobless,191000.0,197000.0,-6000.0
2023-03-30 12:30:00,GDP,2.6,2.7,-0.10000000000000009
2023-03-30 12:30:00,Jobless,198000.0,196000.0,2000.0
2023-04-03 14:00:00,ISM,46.3,47.5,-1.2000000000000028
2023-04-05 12:15:00,ADP,-53000.0,200000.0,-253000.0
2023-04-06 12:30:00,Jobless,228000.0,200000.0,28000.0
2023-04-07 12:30:00,NFP,236000.0,239000.0,-3000.0
2023-04-07 12:30:00,Earnings,0.3,0.3,0.0
2023-04-12 12:30:00,CPI,0.4,0.4,0.0
2023-04-12 12:30:00,CPI,0.1,0.2,-0.1
2023-04-12 12:30:00,CPI,5.0,5.2,-0.20000000000000018
2023-04-13 12:30:00,PPI,-0.5,0.1,-0.6
2023-04-13 12:30:00,Jobless,239000.0,232000.0,7000.0
2023-04-14 12:30:00,Retail,-1.0,-0.4,-0.6
2023-04-14 12:30:00,Retail,-0.8,-0.3,-0.5
2023-04-20 12:30:00,Jobless,245000.0,240000.0,5000.0
2023-04-27 12:30:00,GDP,1.1,2.0,-0.8999999999999999
2023-04-27 12:30:00,Jobless,230000.0,248000.0,-18000.0
2023-05-01 14:00:00,ISM,47.1,46.8,0.30000000000000426
2023-05-03 12:15:00,ADP,296000.0,148000.0,148000.0
2023-05-03 18:00:00,FedRate,5.25,5.25,0.0
2023-05-04 12:30:00,Jobless,242000.0,240000.0,2000.0
2023-05-05 12:30:00,Earnings,0.5,0.3,0.2
2023-05-05 12:30:00,NFP,253000.0,180000.0,73000.0
2023-05-10 12:30:00,CPI,0.4,0.4,0.0
2023-05-10 12:30:00,CPI,0.4,0.4,0.0
2023-05-10 12:30:00,CPI,4.9,5.0,-0.09999999999999964
2023-05-11 12:30:00,PPI,0.2,0.3,-0.09999999999999998
2023-05-11 12:30:00,Jobless,264000.0,245000.0,19000.0
2023-05-16 12:30:00,Retail,0.4,0.4,0.0
2023-05-16 12:30:00,Retail,0.4,0.8,-0.4
2023-05-18 12:30:00,Jobless,242000.0,254000.0,-12000.0
2023-05-25 12:30:00,GDP,1.3,1.1,0.19999999999999996
2023-05-25 12:30:00,Jobless,229000.0,250000.0,-21000.0
2023-06-01 12:15:00,ADP,278000.0,170000.0,108000.0
2023-06-01 12:30:00,Jobless,232000.0,235000.0,-3000.0
2023-06-01 14:00:00,ISM,46.9,47.0,-0.10000000000000142
2023-06-02 12:30:00,NFP,339000.0,180000.0,159000.0
2023-06-02 12:30:00,Earnings,0.3,0.4,-0.10000000000000003
2023-06-08 12:30:00,Jobless,261000.0,235000.0,26000.0
2023-06-13 12:30:00,CPI,0.1,0.2,-0.1
2023-06-13 12:30:00,CPI,4.0,4.1,-0.09999999999999964
2023-06-13 12:30:00,CPI,0.4,0.4,0.0
2023-06-14 12:30:00,PPI,-0.3,-0.1,-0.19999999999999998
2023-06-14 18:00:00,FedRate,5.25,5.25,0.0
2023-06-15 12:30:00,Jobless,262000.0,250000.0,12000.0
2023-06-15 12:30:00,Retail,0.3,-0.1,0.4
2023-06-15 12:30:00,Retail,0.1,0.1,0.0
2023-06-22 12:30:00,Jobless,264000.0,260000.0,4000.0
2023-06-29 12:30:00,GDP,2.0,1.4,0.6000000000000001
2023-06-29 12:30:00,Jobless,239000.0,266000.0,-27000.0
2023-07-03 14:00:00,ISM,46.0,47.2,-1.2000000000000028
2023-07-06 12:15:00,ADP,497000.0,228000.0,269000.0
2023-07-06 12:30:00,Jobless,248000.0,245000.0,3000.0
2023-07-07 12:30:00,NFP,209000.0,225000.0,-16000.0
2023-07-07 12:30:00,Earnings,0.4,0.3,0.10000000000000003
2023-07-12 12:30:00,CPI,0.2,0.3,-0.09999999999999998
2023-07-12 12:30:00,CPI,3.0,3.1,-0.10000000000000009
2023-07-12 12:30:00,CPI,0.2,0.3,-0.09999999999999998
2023-07-13 12:30:00,PPI,0.1,0.2,-0.1
2023-07-13 12:30:00,Jobless,237000.0,250000.0,-13000.0
2023-07-18 12:30:00,Retail,0.2,0.3,-0.09999999999999998
2023-07-18 12:30:00,Retail,0.2,0.5,-0.3
2023-07-20 12:30:00,Jobless,228000.0,242000.0,-14000.0
2023-07-26 18:00:00,FedRate,5.5,5.5,0.0
2023-07-27 12:30:00,GDP,2.4,1.8,0.5999999999999999
2023-07-27 12:30:00,Jobless,221000.0,235000.0,-14000.0
2023-08-01 14:00:00,ISM,46.4,46.8,-0.3999999999999986
2023-08-02 12:15:00,ADP,324000.0,189000.0,135000.0
2023-08-03 12:30:00,Jobless,227000.0,227000.0,0.0
2023-08-04 12:30:00,Earnings,0.4,0.3,0.10000000000000003
2023-08-04 12:30:00,NFP,187000.0,200000.0,-13000.0
2023-08-10 12:30:00,CPI,0.2,0.2,0.0
2023-08-10 12:30:00,CPI,0.2,0.2,0.0
2023-08-10 12:30:00,CPI,3.2,3.3,-0.09999999999999964
2023-08-10 12:30:00,Jobless,248000.0,230000.0,18000.0
2023-08-11 12:30:00,PPI,0.3,0.2,0.09999999999999998
2023-08-15 12:30:00,Retail,0.7,0.4,0.29999999999999993
2023-08-15 12:30:00,Retail,1.0,-0.3,1.3
2023-08-17 12:30:00,Jobless,239000.0,240000.0,-1000.0
2023-08-24 12:30:00,Jobless,230000.0,240000.0,-10000.0
2023-08-30 12:15:00,ADP,177000.0,195000.0,-18000.0
2023-08-30 12:30:00,GDP,2.1,2.4,-0.2999999999999998
2023-08-31 12:30:00,Jobless,228000.0,235000.0,-7000.0
2023-09-01 12:30:00,Earnings,0.2,0.3,-0.09999999999999998
2023-09-01 12:30:00,NFP,187000.0,170000.0,17000.0
2023-09-01 14:00:00,ISM,47.6,47.0,0.6000000000000014
2023-09-07 12:30:00,Jobless,216000.0,234000.0,-18000.0
2023-09-13 12:30:00,CPI,0.6,0.6,0.0
2023-09-13 12:30:00,CPI,3.7,3.6,0.10000000000000009
2023-09-13 12:30:00,CPI,0.3,0.2,0.09999999999999998
2023-09-14 12:30:00,Jobless,220000.0,225000.0,-5000.0
2023-09-14 12:30:00,PPI,0.7,0.4,0.29999999999999993
2023-09-14 12:30:00,Retail,0.6,0.2,0.39999999999999997
2023-09-14 12:30:00,Retail,0.6,0.4,0.19999999999999996
2023-09-20 18:00:00,FedRate,5.5,5.5,0.0
2023-09-21 12:30:00,Jobless,201000.0,225000.0,-24000.0
2023-09-28 12:30:00,GDP,2.1,2.1,0.0
2023-09-28 12:30:00,Jobless,204000.0,215000.0,-11000.0
2023-10-02 14:00:00,ISM,49.0,47.7,1.2999999999999972
2023-10-04 12:15:00,ADP,89000.0,153000.0,-64000.0
2023-10-05 12:30:00,Jobless,207000.0,210000.0,-3000.0
2023-10-06 12:30:00,NFP,336000.0,170000.0,166000.0
2023-10-06 12:30:00,Earnings,0.2,0.3,-0.09999999999999998
2023-10-11 12:30:00,PPI,0.5,0.3,0.2
2023-10-12 12:30:00,Jobless,209000.0,210000.0,-1000.0
2023-10-12 12:30:00,CPI,3.7,3.6,0.10000000000000009
2023-10-12 12:30:00,CPI,0.4,0.3,0.10000000000000003
2023-10-12 12:30:00,CPI,0.3,0.3,0.0
2023-10-17 12:30:00,Retail,0.7,0.3,0.39999999999999997
2023-10-17 12:30:00,Retail,0.6,0.2,0.39999999999999997
2023-10-19 12:30:00,Jobless,198000.0,212000.0,-14000.0
2023-10-26 12:30:00,GDP,4.9,4.3,0.6000000000000005
2023-10-26 12:30:00,Jobless,210000.0,208000.0,2000.0
2023-11-01 12:15:00,ADP,113000.0,150000.0,-37000.0
2023-11-01 14:00:00,ISM,46.7,49.0,-2.299999999999997
2023-11-01 18:00:00,FedRate,5.5,5.5,0.0
2023-11-02 12:30:00,Jobless,217000.0,210000.0,7000.0
2023-11-03 12:30:00,Earnings,0.2,0.3,-0.09999999999999998
2023-11-03 12:30:00,NFP,150000.0,180000.0,-30000.0
2023-11-09 13:30:00,Jobless,217000.0,215000.0,2000.0
2023-11-14 13:30:00,CPI,0.2,0.3,-0.09999999999999998
2023-11-14 13:30:00,CPI,3.2,3.3,-0.09999999999999964
2023-11-14 13:30:00,CPI,0.0,0.1,-0.1
2023-11-15 13:30:00,Retail,0.1,-0.2,0.30000000000000004
2023-11-15 13:30:00,Retail,-0.1,-0.3,0.19999999999999998
2023-11-15 13:30:00,PPI,-0.5,0.1,-0.6
2023-11-16 13:30:00,Jobless,231000.0,220000.0,11000.0
2023-11-22 13:30:00,Jobless,209000.0,225000.0,-16000.0
2023-11-29 13:30:00,GDP,5.2,4.9,0.2999999999999998
2023-11-30 13:30:00,Jobless,218000.0,220000.0,-2000.0
2023-12-01 15:00:00,ISM,46.7,47.6,-0.8999999999999986
2023-12-06 13:15:00,ADP,103000.0,130000.0,-27000.0
2023-12-07 13:30:00,Jobless,220000.0,222000.0,-2000.0
2023-12-08 13:30:00,NFP,199000.0,180000.0,19000.0
2023-12-08 13:30:00,Earnings,0.4,0.3,0.10000000000000003
2023-12-12 13:30:00,CPI,3.1,3.1,0.0
2023-12-12 13:30:00,CPI,0.1,0.0,0.1
2023-12-12 13:30:00,CPI,0.3,0.3,0.0
2023-12-13 13:30:00,PPI,0.0,0.1,-0.1
2023-12-13 19:00:00,FedRate,5.5,5.5,0.0
2023-12-14 13:30:00,Retail,0.3,-0.1,0.4
2023-12-14 13:30:00,Retail,0.2,-0.1,0.30000000000000004
2023-12-14 13:30:00,Jobless,202000.0,220000.0,-18000.0
2023-12-21 13:30:00,GDP,4.9,5.2,-0.2999999999999998
2023-12-21 13:30:00,Jobless,205000.0,214000.0,-9000.0
2023-12-28 13:30:00,Jobless,218000.0,210000.0,8000.0
2024-01-03 15:00:00,ISM,47.4,47.1,0.29999999999999716
2024-01-04 13:15:00,ADP,164000.0,115000.0,49000.0
2024-01-04 13:30:00,Jobless,202000.0,216000.0,-14000.0
2024-01-05 13:30:00,NFP,216000.0,170000.0,46000.0
2024-01-05 13:30:00,Earnings,0.4,0.3,0.10000000000000003
2024-01-11 13:30:00,CPI,0.3,0.2,0.09999999999999998
2024-01-11 13:30:00,CPI,3.4,3.2,0.19999999999999973
2024-01-11 13:30:00,CPI,0.3,0.3,0.0
2024-01-11 13:30:00,Jobless,202000.0,210000.0,-8000.0
2024-01-12 13:30:00,PPI,-0.1,0.1,-0.2
2024-01-17 13:30:00,Retail,0.6,0.4,0.19999999999999996
2024-01-17 13:30:00,Retail,0.4,0.2,0.2
2024-01-18 13:30:00,Jobless,187000.0,207000.0,-20000.0
2024-01-25 13:30:00,Jobless,214000.0,200000.0,14000.0
2024-01-25 13:30:00,GDP,3.3,2.0,1.2999999999999998
2024-01-31 13:15:00,ADP,107000.0,145000.0,-38000.0
2024-01-31 19:00:00,FedRate,5.5,5.5,0.0
2024-02-01 13:30:00,Jobless,224000.0,213000.0,11000.0
2024-02-01 15:00:00,ISM,49.1,47.2,1.8999999999999986
2024-02-02 13:30:00,NFP,353000.0,187000.0,166000.0
2024-02-02 13:30:00,Earnings,0.6,0.3,0.3
2024-02-08 13:30:00,Jobless,218000.0,221000.0,-3000.0
2024-02-13 13:30:00,CPI,0.3,0.2,0.09999999999999998
2024-02-13 13:30:00,CPI,0.4,0.3,0.10000000000000003
2024-02-13 13:30:00,CPI,3.1,2.9,0.20000000000000018
2024-02-15 13:30:00,Retail,-0.6,0.2,-0.8
2024-02-15 13:30:00,Retail,-0.8,-0.2,-0.6000000000000001
2024-02-15 13:30:00,Jobless,212000.0,219000.0,-7000.0
2024-02-16 13:30:00,PPI,0.3,0.1,0.19999999999999998
2024-02-22 13:30:00,Jobless,201000.0,217000.0,-16000.0
2024-02-28 13:30:00,GDP,3.2,3.3,-0.09999999999999964
2024-02-29 13:30:00,Jobless,215000.0,209000.0,6000.0
2024-03-01 15:00:00,ISM,47.8,49.5,-1.7000000000000028
2024-03-06 13:15:00,ADP,140000.0,149000.0,-9000.0
2024-03-07 13:30:00,Jobless,217000.0,217000.0,0.0
2024-03-08 13:30:00,Earnings,0.1,0.2,-0.1
2024-03-08 13:30:00,NFP,275000.0,198000.0,77000.0
2024-03-12 12:30:00,CPI,0.4,0.4,0.0
2024-03-12 12:30:00,CPI,0.4,0.3,0.10000000000000003
2024-03-12 12:30:00,CPI,3.2,3.1,0.10000000000000009
2024-03-14 12:30:00,Retail,0.6,0.8,-0.20000000000000007
2024-03-14 12:30:00,Retail,0.3,0.5,-0.2
2024-03-14 12:30:00,PPI,0.6,0.3,0.3
2024-03-14 12:30:00,Jobless,209000.0,218000.0,-9000.0
2024-03-20 18:00:00,FedRate,5.5,5.5,0.0
2024-03-21 12:30:00,Jobless,210000.0,212000.0,-2000.0
2024-03-28 12:30:00,Jobless,210000.0,212000.0,-2000.0
2024-03-28 12:30:00,GDP,3.4,3.2,0.19999999999999973
2024-04-01 14:00:00,ISM,50.3,48.5,1.7999999999999972
2024-04-03 12:15:00,ADP,184000.0,148000.0,36000.0
2024-04-04 12:30:00,Jobless,221000.0,213000.0,8000.0
2024-04-05 12:30:00,Earnings,0.3,0.3,0.0
2024-04-05 12:30:00,NFP,303000.0,212000.0,91000.0
2024-04-10 12:30:00,CPI,0.4,0.3,0.10000000000000003
2024-04-10 12:30:00,CPI,3.5,3.4,0.10000000000000009
2024-04-10 12:30:00,CPI,0.4,0.3,0.10000000000000003
2024-04-11 12:30:00,PPI,0.2,0.3,-0.09999999999999998
2024-04-11 12:30:00,Jobless,211000.0,216000.0,-5000.0
2024-04-15 12:30:00,Retail,1.1,0.5,0.6000000000000001
2024-04-15 12:30:00,Retail,0.7,0.4,0.29999999999999993
2024-04-18 12:30:00,Jobless,212000.0,215000.0,-3000.0
2024-04-25 12:30:00,Jobless,207000.0,214000.0,-7000.0
2024-04-25 12:30:00,GDP,1.6,2.5,-0.8999999999999999
2024-05-01 12:15:00,ADP,192000.0,179000.0,13000.0
2024-05-01 14:00:00,ISM,49.2,50.0,-0.7999999999999972
2024-05-01 18:00:00,FedRate,5.5,5.5,0.0
2024-05-02 12:30:00,Jobless,208000.0,212000.0,-4000.0
2024-05-03 12:30:00,NFP,175000.0,238000.0,-63000.0
2024-05-03 12:30:00,Earnings,0.2,0.3,-0.09999999999999998
2024-05-09 12:30:00,Jobless,231000.0,212000.0,19000.0
2024-05-14 12:30:00,PPI,0.5,0.3,0.2
2024-05-15 12:30:00,CPI,0.3,0.3,0.0
2024-05-15 12:30:00,CPI,0.3,0.4,-0.10000000000000003
2024-05-15 12:30:00,CPI,3.4,3.4,0.0
2024-05-15 12:30:00,Retail,0.2,0.2,0.0
2024-05-15 12:30:00,Retail,0.0,0.4,-0.4
2024-05-16 12:30:00,Jobless,222000.0,219000.0,3000.0
2024-05-23 12:30:00,Jobless,215000.0,220000.0,-5000.0
2024-05-30 12:30:00,GDP,1.3,1.6,-0.30000000000000004
2024-05-30 12:30:00,Jobless,219000.0,218000.0,1000.0
2024-06-03 14:00:00,ISM,48.7,49.8,-1.0999999999999943
2024-06-05 12:15:00,ADP,152000.0,173000.0,-21000.0
2024-06-06 12:30:00,Jobless,229000.0,220000.0,9000.0
2024-06-07 12:30:00,Earnings,0.4,0.3,0.10000000000000003
2024-06-07 12:30:00,NFP,272000.0,182000.0,90000.0
2024-06-12 12:30:00,CPI,0.0,0.1,-0.1
2024-06-12 12:30:00,CPI,3.3,3.4,-0.10000000000000009
2024-06-12 12:30:00,CPI,0.2,0.3,-0.09999999999999998
2024-06-12 18:00:00,FedRate,5.5,5.5,0.0
2024-06-13 12:30:00,PPI,-0.2,0.1,-0.30000000000000004
2024-06-13 12:30:00,Jobless,242000.0,225000.0,17000.0
2024-06-18 12:30:00,Retail,0.1,0.3,-0.19999999999999998
2024-06-18 12:30:00,Retail,-0.1,0.2,-0.30000000000000004
2024-06-20 12:30:00,Jobless,238000.0,235000.0,3000.0
2024-06-27 12:30:00,GDP,1.4,1.3,0.09999999999999987
2024-06-27 12:30:00,Jobless,233000.0,236000.0,-3000.0
2024-07-01 14:00:00,ISM,48.5,49.2,-0.7000000000000028
2024-07-03 12:15:00,ADP,150000.0,163000.0,-13000.0
2024-07-03 12:30:00,Jobless,238000.0,234000.0,4000.0
2024-07-05 12:30:00,Earnings,0.3,0.3,0.0
2024-07-05 12:30:00,NFP,206000.0,191000.0,15000.0
2024-07-11 12:30:00,CPI,-0.1,0.1,-0.2
2024-07-11 12:30:00,CPI,3.0,3.1,-0.10000000000000009
2024-07-11 12:30:00,CPI,0.1,0.2,-0.1
2024-07-11 12:30:00,Jobless,222000.0,236000.0,-14000.0
2024-07-12 12:30:00,PPI,0.2,0.1,0.1
2024-07-16 12:30:00,Retail,0.4,0.1,0.30000000000000004
2024-07-16 12:30:00,Retail,0.0,-0.3,0.3
2024-07-18 12:30:00,Jobless,243000.0,229000.0,14000.0
2024-07-25 12:30:00,GDP,2.8,2.0,0.7999999999999998
2024-07-25 12:30:00,Jobless,235000.0,237000.0,-2000.0
2024-07-31 12:15:00,ADP,122000.0,147000.0,-25000.0
2024-07-31 18:00:00,FedRate,5.5,5.5,0.0
2024-08-01 12:30:00,Jobless,249000.0,236000.0,13000.0
2024-08-01 14:00:00,ISM,46.8,48.8,-2.0
2024-08-02 12:30:00,NFP,114000.0,176000.0,-62000.0
2024-08-02 12:30:00,Earnings,0.2,0.3,-0.09999999999999998
2024-08-08 12:30:00,Jobless,233000.0,241000.0,-8000.0
2024-08-13 12:30:00,PPI,0.1,0.2,-0.1
2024-08-14 12:30:00,CPI,2.9,3.0,-0.10000000000000009
2024-08-14 12:30:00,CPI,0.2,0.2,0.0
2024-08-14 12:30:00,CPI,0.2,0.2,0.0
2024-08-15 12:30:00,Retail,1.0,0.4,0.6
2024-08-15 12:30:00,Retail,0.4,0.1,0.30000000000000004
2024-08-15 12:30:00,Jobless,227000.0,236000.0,-9000.0
2024-08-22 12:30:00,Jobless,232000.0,232000.0,0.0
2024-08-29 12:30:00,GDP,3.0,2.8,0.20000000000000018
2024-08-29 12:30:00,Jobless,231000.0,232000.0,-1000.0
2024-09-03 14:00:00,ISM,47.2,47.5,-0.29999999999999716
2024-09-05 12:15:00,ADP,99000.0,144000.0,-45000.0
2024-09-05 12:30:00,Jobless,227000.0,231000.0,-4000.0
2024-09-06 12:30:00,Earnings,0.4,0.3,0.10000000000000003
2024-09-06 12:30:00,NFP,142000.0,164000.0,-22000.0
2024-09-11 12:30:00,CPI,2.5,2.5,0.0
2024-09-11 12:30:00,CPI,0.3,0.2,0.09999999999999998
2024-09-11 12:30:00,CPI,0.2,0.2,0.0
2024-09-12 12:30:00,Jobless,230000.0,227000.0,3000.0
2024-09-12 12:30:00,PPI,0.2,0.1,0.1
2024-09-17 12:30:00,Retail,0.1,0.2,-0.1
2024-09-17 12:30:00,Retail,0.1,-0.2,0.30000000000000004
2024-09-18 18:00:00,FedRate,5.0,5.25,-0.25
2024-09-19 12:30:00,Jobless,219000.0,230000.0,-11000.0
2024-09-26 12:30:00,GDP,3.0,3.0,0.0
2024-09-26 12:30:00,Jobless,218000.0,224000.0,-6000.0
2024-10-01 14:00:00,ISM,47.2,47.6,-0.3999999999999986
2024-10-02 12:15:00,ADP,143000.0,124000.0,19000.0
2024-10-03 12:30:00,Jobless,225000.0,222000.0,3000.0
2024-10-04 12:30:00,NFP,254000.0,147000.0,107000.0
2024-10-04 12:30:00,Earnings,0.4,0.3,0.10000000000000003
2024-10-10 12:30:00,CPI,2.4,2.3,0.10000000000000009
2024-10-10 12:30:00,Jobless,258000.0,231000.0,27000.0
2024-10-10 12:30:00,CPI,0.2,0.1,0.1
2024-10-10 12:30:00,CPI,0.3,0.2,0.09999999999999998
2024-10-11 12:30:00,PPI,0.0,0.1,-0.1
2024-10-17 12:30:00,Retail,0.5,0.1,0.4
2024-10-17 12:30:00,Retail,0.4,0.3,0.10000000000000003
2024-10-17 12:30:00,Jobless,241000.0,241000.0,0.0
2024-10-24 12:30:00,Jobless,227000.0,243000.0,-16000.0
2024-10-30 12:15:00,ADP,233000.0,110000.0,123000.0
2024-10-30 12:30:00,GDP,2.8,3.0,-0.20000000000000018
2024-10-31 12:30:00,Jobless,216000.0,229000.0,-13000.0
2024-11-01 12:30:00,NFP,12000.0,106000.0,-94000.0
2024-11-01 12:30:00,Earnings,0.4,0.3,0.10000000000000003
2024-11-01 14:00:00,ISM,46.5,47.6,-1.1000000000000014
2024-11-07 13:30:00,Jobless,221000.0,223000.0,-2000.0
2024-11-07 19:00:00,FedRate,4.75,4.75,0.0
2024-11-13 13:30:00,CPI,0.3,0.3,0.0
2024-11-13 13:30:00,CPI,0.2,0.2,0.0
2024-11-13 13:30:00,CPI,2.6,2.6,0.0
2024-11-14 13:30:00,PPI,0.2,0.2,0.0
2024-11-14 13:30:00,Jobless,217000.0,224000.0,-7000.0
2024-11-15 13:30:00,Retail,0.1,0.3,-0.19999999999999998
2024-11-15 13:30:00,Retail,0.4,0.3,0.10000000000000003
2024-11-21 13:30:00,Jobless,213000.0,220000.0,-7000.0
2024-11-27 13:30:00,GDP,2.8,2.8,0.0
2024-11-27 13:30:00,Jobless,213000.0,215000.0,-2000.0
2024-12-02 15:00:00,ISM,48.4,47.7,0.6999999999999957
2024-12-04 13:15:00,ADP,146000.0,166000.0,-20000.0
2024-12-05 13:30:00,Jobless,224000.0,215000.0,9000.0
2024-12-06 13:30:00,Earnings,0.4,0.3,0.10000000000000003
2024-12-06 13:30:00,NFP,227000.0,202000.0,25000.0
2024-12-11 13:30:00,CPI,0.3,0.3,0.0
2024-12-11 13:30:00,CPI,2.7,2.7,0.0
2024-12-11 13:30:00,CPI,0.3,0.3,0.0
2024-12-12 13:30:00,PPI,0.4,0.2,0.2
2024-12-12 13:30:00,Jobless,242000.0,221000.0,21000.0
2024-12-17 13:30:00,Retail,0.7,0.6,0.09999999999999998
2024-12-17 13:30:00,Retail,0.2,0.4,-0.2
2024-12-18 19:00:00,FedRate,4.5,4.5,0.0
2024-12-19 13:30:00,GDP,3.1,2.8,0.30000000000000027
2024-12-19 13:30:00,Jobless,220000.0,229000.0,-9000.0
2024-12-26 13:30:00,Jobless,219000.0,223000.0,-4000.0
2025-01-02 13:30:00,Jobless,211000.0,222000.0,-11000.0
2025-01-03 15:00:00,ISM,49.3,48.2,1.0999999999999943
2025-01-08 13:15:00,ADP,122000.0,139000.0,-17000.0
2025-01-08 13:30:00,Jobless,201000.0,214000.0,-13000.0
2025-01-10 13:30:00,NFP,256000.0,164000.0,92000.0
2025-01-10 13:30:00,Earnings,0.3,0.3,0.0
2025-01-14 13:30:00,PPI,0.2,0.4,-0.2
2025-01-15 13:30:00,CPI,0.2,0.3,-0.09999999999999998
2025-01-15 13:30:00,CPI,0.4,0.4,0.0
2025-01-15 13:30:00,CPI,2.9,2.9,0.0
2025-01-16 13:30:00,Retail,0.4,0.6,-0.19999999999999996
2025-01-16 13:30:00,Retail,0.4,0.5,-0.09999999999999998
2025-01-16 13:30:00,Jobless,217000.0,210000.0,7000.0
2025-01-23 13:30:00,Jobless,223000.0,221000.0,2000.0
2025-01-29 19:00:00,FedRate,4.5,4.5,0.0
2025-01-30 13:30:00,GDP,2.3,2.7,-0.40000000000000036
2025-01-30 13:30:00,Jobless,207000.0,224000.0,-17000.0
2025-02-03 15:00:00,ISM,50.9,49.3,1.6000000000000014
2025-02-05 13:15:00,ADP,183000.0,148000.0,35000.0
2025-02-06 13:30:00,Jobless,219000.0,214000.0,5000.0
2025-02-07 13:30:00,Earnings,0.5,0.3,0.2
2025-02-07 13:30:00,NFP,143000.0,169000.0,-26000.0
2025-02-12 13:30:00,CPI,3.0,2.9,0.10000000000000009
2025-02-12 13:30:00,CPI,0.4,0.3,0.10000000000000003
2025-02-12 13:30:00,CPI,0.5,0.3,0.2
2025-02-13 13:30:00,PPI,0.4,0.3,0.10000000000000003
2025-02-13 13:30:00,Jobless,213000.0,217000.0,-4000.0
2025-02-14 13:30:00,Retail,-0.4,0.3,-0.7
2025-02-14 13:30:00,Retail,-0.9,-0.2,-0.7
2025-02-20 13:30:00,Jobless,219000.0,215000.0,4000.0
2025-02-27 13:30:00,GDP,2.3,2.3,0.0
2025-02-27 13:30:00,Jobless,242000.0,222000.0,20000.0
2025-03-03 15:00:00,ISM,50.3,50.6,-0.30000000000000426
2025-03-05 13:15:00,ADP,77000.0,141000.0,-64000.0
2025-03-06 13:30:00,Jobless,221000.0,234000.0,-13000.0
2025-03-07 13:30:00,NFP,151000.0,159000.0,-8000.0
2025-03-07 13:30:00,Earnings,0.3,0.3,0.0
2025-03-12 12:30:00,CPI,0.2,0.3,-0.09999999999999998
2025-03-12 12:30:00,CPI,0.2,0.3,-0.09999999999999998
2025-03-12 12:30:00,CPI,2.8,2.9,-0.10000000000000009
2025-03-13 12:30:00,PPI,0.0,0.3,-0.3
2025-03-13 12:30:00,Jobless,220000.0,226000.0,-6000.0
2025-03-17 12:30:00,Retail,0.3,0.3,0.0
2025-03-17 12:30:00,Retail,0.2,0.6,-0.39999999999999997
2025-03-19 18:00:00,FedRate,4.5,4.5,0.0
2025-03-20 12:30:00,Jobless,223000.0,224000.0,-1000.0
2025-03-27 12:30:00,GDP,2.4,2.3,0.10000000000000009
2025-03-27 12:30:00,Jobless,224000.0,225000.0,-1000.0
2025-04-01 14:00:00,ISM,49.0,49.5,-0.5
2025-04-02 12:15:00,ADP,155000.0,118000.0,37000.0
2025-04-03 12:30:00,Jobless,219000.0,225000.0,-6000.0
2025-04-04 12:30:00,Earnings,0.3,0.3,0.0
2025-04-04 12:30:00,NFP,228000.0,137000.0,91000.0
2025-04-10 12:30:00,CPI,-0.1,0.1,-0.2
2025-04-10 12:30:00,CPI,2.4,2.5,-0.10000000000000009
2025-04-10 12:30:00,CPI,0.1,0.3,-0.19999999999999998
2025-04-10 12:30:00,Jobless,223000.0,223000.0,0.0
2025-04-11 12:30:00,PPI,-0.4,0.2,-0.6000000000000001
2025-04-16 12:30:00,Retail,0.5,0.4,0.09999999999999998
2025-04-16 12:30:00,Retail,1.4,1.3,0.09999999999999987
2025-04-17 12:30:00,Jobless,215000.0,225000.0,-10000.0
2025-04-24 12:30:00,Jobless,222000.0,222000.0,0.0
2025-04-30 12:15:00,ADP,62000.0,114000.0,-52000.0
2025-04-30 12:30:00,GDP,-0.3,0.2,-0.5
2025-05-01 12:30:00,Jobless,241000.0,224000.0,17000.0
2025-05-01 14:00:00,ISM,48.7,48.0,0.7000000000000028
2025-05-02 12:30:00,Earnings,0.2,0.3,-0.09999999999999998
2025-05-02 12:30:00,NFP,177000.0,138000.0,39000.0
2025-05-07 18:00:00,FedRate,4.5,4.5,0.0
2025-05-08 12:30:00,Jobless,228000.0,231000.0,-3000.0
2025-05-13 12:30:00,CPI,0.2,0.3,-0.09999999999999998
2025-05-13 12:30:00,CPI,0.2,0.3,-0.09999999999999998
2025-05-13 12:30:00,CPI,2.3,2.4,-0.10000000000000009
2025-05-15 12:30:00,Retail,0.1,0.0,0.1
2025-05-15 12:30:00,Retail,0.1,0.3,-0.19999999999999998
2025-05-15 12:30:00,PPI,-0.5,0.2,-0.7
2025-05-15 12:30:00,Jobless,229000.0,229000.0,0.0
2025-05-22 12:30:00,Jobless,227000.0,230000.0,-3000.0
2025-05-29 12:30:00,GDP,-0.2,-0.3,0.09999999999999998
2025-05-29 12:30:00,Jobless,240000.0,229000.0,11000.0
2025-06-02 14:00:00,ISM,48.5,49.3,-0.7999999999999972
2025-06-04 12:15:00,ADP,37000.0,111000.0,-74000.0
2025-06-05 12:30:00,Jobless,247000.0,236000.0,11000.0
2025-06-06 12:30:00,Earnings,0.4,0.3,0.10000000000000003
2025-06-06 12:30:00,NFP,139000.0,126000.0,13000.0
2025-06-11 12:30:00,CPI,0.1,0.2,-0.1
2025-06-11 12:30:00,CPI,2.4,2.5,-0.10000000000000009
2025-06-11 12:30:00,CPI,0.1,0.3,-0.19999999999999998
2025-06-12 12:30:00,PPI,0.1,0.2,-0.1
2025-06-12 12:30:00,Jobless,248000.0,242000.0,6000.0
2025-06-17 12:30:00,Retail,-0.3,0.2,-0.5
2025-06-17 12:30:00,Retail,-0.9,-0.5,-0.4
2025-06-18 12:30:00,Jobless,245000.0,246000.0,-1000.0
2025-06-18 18:00:00,FedRate,4.5,4.5,0.0
2025-06-26 12:30:00,GDP,-0.5,-0.2,-0.3
2025-06-26 12:30:00,Jobless,236000.0,244000.0,-8000.0
2025-07-01 14:00:00,ISM,49.0,48.8,0.20000000000000284
2025-07-02 12:15:00,ADP,-33000.0,99000.0,-132000.0
2025-07-03 12:30:00,NFP,147000.0,111000.0,36000.0
2025-07-03 12:30:00,Earnings,0.2,0.3,-0.09999999999999998
2025-07-03 12:30:00,Jobless,233000.0,240000.0,-7000.0
2025-07-10 12:30:00,Jobless,227000.0,236000.0,-9000.0
2025-07-15 12:30:00,CPI,0.3,0.3,0.0
2025-07-15 12:30:00,CPI,0.2,0.3,-0.09999999999999998
2025-07-15 12:30:00,CPI,2.7,2.6,0.10000000000000009
2025-07-16 12:30:00,PPI,0.0,0.2,-0.2
2025-07-17 12:30:00,Jobless,221000.0,233000.0,-12000.0
2025-07-17 12:30:00,Retail,0.5,0.3,0.2
2025-07-17 12:30:00,Retail,0.6,0.1,0.5
2025-07-24 12:30:00,Jobless,217000.0,227000.0,-10000.0
2025-07-30 12:15:00,ADP,104000.0,77000.0,27000.0
2025-07-30 12:30:00,GDP,3.0,2.5,0.5
2025-07-30 18:00:00,FedRate,4.5,4.5,0.0
2025-07-31 12:30:00,Jobless,218000.0,222000.0,-4000.0
2025-08-01 12:30:00,Earnings,0.3,0.3,0.0
2025-08-01 12:30:00,NFP,73000.0,106000.0,-33000.0
2025-08-01 14:00:00,ISM,48.0,49.5,-1.5
2025-08-07 12:30:00,Jobless,226000.0,221000.0,5000.0
2025-08-12 12:30:00,CPI,0.2,0.2,0.0
2025-08-12 12:30:00,CPI,0.3,0.3,0.0
2025-08-12 12:30:00,CPI,2.7,2.8,-0.09999999999999964
2025-08-14 12:30:00,Jobless,224000.0,225000.0,-1000.0
2025-08-14 12:30:00,PPI,0.9,0.2,0.7
2025-08-15 12:30:00,Retail,0.3,0.3,0.0
2025-08-15 12:30:00,Retail,0.5,0.6,-0.09999999999999998
2025-08-21 12:30:00,Jobless,235000.0,226000.0,9000.0
2025-08-28 12:30:00,GDP,3.3,3.0,0.2999999999999998
2025-08-28 12:30:00,Jobless,229000.0,231000.0,-2000.0
2025-09-02 14:00:00,ISM,48.7,49.0,-0.29999999999999716
2025-09-04 12:15:00,ADP,54000.0,73000.0,-19000.0
2025-09-04 12:30:00,Jobless,237000.0,230000.0,7000.0
2025-09-05 12:30:00,Earnings,0.3,0.3,0.0
2025-09-05 12:30:00,NFP,22000.0,75000.0,-53000.0
2025-09-10 12:30:00,PPI,-0.1,0.3,-0.4
2025-09-11 12:30:00,Jobless,263000.0,235000.0,28000.0
2025-09-11 12:30:00,CPI,2.9,2.9,0.0
2025-09-11 12:30:00,CPI,0.3,0.3,0.0
2025-09-11 12:30:00,CPI,0.4,0.3,0.10000000000000003
2025-09-16 12:30:00,Retail,0.7,0.4,0.29999999999999993
2025-09-16 12:30:00,Retail,0.6,0.2,0.39999999999999997
2025-09-17 18:00:00,FedRate,4.25,4.25,0.0
2025-09-18 12:30:00,Jobless,231000.0,241000.0,-10000.0
2025-09-25 12:30:00,GDP,3.8,3.3,0.5
2025-09-25 12:30:00,Jobless,218000.0,233000.0,-15000.0
2025-10-01 12:15:00,ADP,-32000.0,52000.0,-84000.0
2025-10-01 14:00:00,ISM,49.1,49.0,0.10000000000000142
2025-10-24 12:30:00,CPI,0.3,0.4,-0.10000000000000003
2025-10-24 12:30:00,CPI,0.2,0.3,-0.09999999999999998
2025-10-24 12:30:00,CPI,3.0,3.1,-0.10000000000000009
2025-10-29 18:00:00,FedRate,4.0,4.0,0.0
2025-11-03 15:00:00,ISM,48.7,49.4,-0.6999999999999957
2025-11-05 13:15:00,ADP,42000.0,32000.0,10000.0
2025-11-18 08:10:00,Jobless,232000.0,223000.0,9000.0
2025-11-20 13:24:00,Jobless,224000.0,223000.0,1000.0
2025-11-20 13:25:00,Jobless,235000.0,227000.0,8000.0
2025-11-20 13:26:00,Jobless,220000.0,,
2025-11-20 13:27:00,Jobless,220000.0,,
2025-11-20 13:28:00,Jobless,229000.0,,
2025-11-20 13:29:00,Jobless,228000.0,,
2025-11-20 13:30:00,Earnings,0.2,0.3,-0.09999999999999998
2025-11-20 13:30:00,NFP,119000.0,53000.0,66000.0
2025-11-20 13:30:00,Jobless,220000.0,,
2025-11-25 13:30:00,PPI,0.3,0.3,0.0
2025-11-25 13:30:00,Retail,0.2,0.4,-0.2
2025-11-25 13:30:00,Retail,0.3,0.3,0.0
2025-11-26 13:30:00,Jobless,216000.0,226000.0,-10000.0
2025-12-01 15:00:00,ISM,48.2,49.0,-0.7999999999999972
2025-12-03 13:15:00,ADP,-32000.0,5000.0,-37000.0
2025-12-04 13:30:00,Jobless,191000.0,219000.0,-28000.0
2025-12-10 19:00:00,FedRate,3.75,3.75,0.0
2025-12-11 13:30:00,Jobless,236000.0,220000.0,16000.0
2025-12-16 13:29:00,NFP,-105000.0,,
2025-12-16 13:29:00,Earnings,0.4,,
2025-12-16 13:30:00,Earnings,0.1,0.3,-0.19999999999999998
2025-12-16 13:30:00,NFP,64000.0,51000.0,13000.0
2025-12-16 13:30:00,Retail,0.4,0.2,0.2
2025-12-16 13:30:00,Retail,0.0,0.1,-0.1
2025-12-18 13:30:00,CPI,2.7,3.1,-0.3999999999999999
2025-12-18 13:30:00,Jobless,224000.0,224000.0,0.0
2025-12-23 13:30:00,GDP,4.3,3.3,1.0
2025-12-24 13:30:00,Jobless,214000.0,224000.0,-10000.0
2025-12-31 13:30:00,Jobless,199000.0,219000.0,-20000.0
